minority_ratio,separation,seed,ari
0.01,0.5,42,-1.7498710136472403e-05
0.01,0.5,43,-5.434780241001651e-05
0.01,0.5,44,3.511022616142439e-05
0.01,0.5,45,-4.360457135842723e-06
0.01,0.5,46,-0.00014937433773418035
0.01,0.5,47,7.906141426604772e-05
0.01,0.5,48,-4.681462626764351e-05
0.01,0.5,49,-2.9079851941745415e-05
0.01,0.5,50,0.00018477403819166927
0.01,0.5,51,-4.787303297028898e-05
0.01,0.5,52,6.340737108553453e-05
0.01,0.5,53,8.231683653616391e-05
0.01,0.5,54,-0.0001859088650060958
0.01,0.5,55,-0.00014289196939155832
0.01,0.5,56,0.0001287651312170104
0.01,0.5,57,0.00023648475887361585
0.01,0.5,58,-0.0003849076831600647
0.01,0.5,59,-0.0001980900093103691
0.01,0.5,60,-3.820647819153503e-05
0.01,0.5,61,2.4624373649285212e-05
0.01,0.5,62,0.00036172442582132786
0.01,0.5,63,0.0002023505526049786
0.01,0.5,64,-3.7198087495138954e-05
0.01,0.5,65,-0.00010092330675984365
0.01,0.5,66,0.00023094522891538259
0.01,1.0,42,-5.5420833002674835e-05
0.01,1.0,43,-6.506600918715408e-05
0.01,1.0,44,0.00027974152469235496
0.01,1.0,45,-3.942523264203911e-06
0.01,1.0,46,-0.00032362762076409843
0.01,1.0,47,0.00035753493631640506
0.01,1.0,48,-0.0003340142416222825
0.01,1.0,49,-0.00018017288043143916
0.01,1.0,50,0.0004670882879259498
0.01,1.0,51,-6.83640230737933e-05
0.01,1.0,52,0.00012702779207463092
0.01,1.0,53,0.0002523794884152106
0.01,1.0,54,-0.00029116065511753113
0.01,1.0,55,-0.0003811442315214718
0.01,1.0,56,0.0006074943193569146
0.01,1.0,57,0.000492325759514139
0.01,1.0,58,0.00010130439653782737
0.01,1.0,59,-0.000138909970220117
0.01,1.0,60,-0.00016625622554546557
0.01,1.0,61,8.453883832616318e-06
0.01,1.0,62,0.0003495265973652488
0.01,1.0,63,0.0004522798434922227
0.01,1.0,64,7.040534500199197e-05
0.01,1.0,65,-3.187773529351002e-05
0.01,1.0,66,0.00022982465690329272
0.01,2.0,42,0.0005662097363345543
0.01,2.0,43,-7.347832402569637e-05
0.01,2.0,44,0.0002710023157974398
0.01,2.0,45,-8.175424833625576e-06
0.01,2.0,46,-0.00041936097907103255
0.01,2.0,47,0.0010220291208443283
0.01,2.0,48,0.00013907571340780484
0.01,2.0,49,-2.517528638958432e-05
0.01,2.0,50,0.001022337816649809
0.01,2.0,51,0.0006305569942880799
0.01,2.0,52,0.00018000567362174758
0.01,2.0,53,0.0004954204605736964
0.01,2.0,54,-0.00035063104941487655
0.01,2.0,55,0.0005730860051639261
0.01,2.0,56,0.0011961471985301893
0.01,2.0,57,0.00023108889260609506
0.01,2.0,58,0.00012009324349287638
0.01,2.0,59,8.33943343063754e-05
0.01,2.0,60,0.00039505863817354314
0.01,2.0,61,0.00021837076367809522
0.01,2.0,62,0.00082444683392026
0.01,2.0,63,0.0008555667257622372
0.01,2.0,64,0.000833492662634762
0.01,2.0,65,-8.564253853781047e-05
0.01,2.0,66,0.0007448003202343831
0.01,3.0,42,0.002162491406992365
0.01,3.0,43,-5.044283836703418e-05
0.01,3.0,44,0.0006967890025697082
0.01,3.0,45,3.0339491206087683e-06
0.01,3.0,46,-0.00018119262820756227
0.01,3.0,47,9.660150205860817e-05
0.01,3.0,48,0.0001338893558049949
0.01,3.0,49,0.0008431229446832064
0.01,3.0,50,0.002676191414874071
0.01,3.0,51,0.0009239745316647286
0.01,3.0,52,0.0003436711584823735
0.01,3.0,53,0.0008069581653615596
0.01,3.0,54,-0.00035046418459135905
0.01,3.0,55,0.0024139521661859847
0.01,3.0,56,0.001804623251290753
0.01,3.0,57,0.001185836170525478
0.01,3.0,58,0.001106454825669662
0.01,3.0,59,0.0010627115562840748
0.01,3.0,60,-3.877451504778961e-05
0.01,3.0,61,0.0003567304132852227
0.01,3.0,62,0.0008545649481267953
0.01,3.0,63,0.0009899758198308615
0.01,3.0,64,0.0008221228342489188
0.01,3.0,65,0.00045201796440484985
0.01,3.0,66,0.0013195800400242986
0.01,4.0,42,-0.0007567027483601837
0.01,4.0,43,0.0002598684063172844
0.01,4.0,44,0.001118277809775904
0.01,4.0,45,-0.00014031717176316645
0.01,4.0,46,0.0015261529134985867
0.01,4.0,47,-0.0003887067961738321
0.01,4.0,48,1.2153018465026587e-06
0.01,4.0,49,0.001121265247299056
0.01,4.0,50,0.002461068305356629
0.01,4.0,51,0.0017480830473868652
0.01,4.0,52,0.00019705728960587934
0.01,4.0,53,0.0011295395793838553
0.01,4.0,54,0.0002009319426710877
0.01,4.0,55,0.00307114164561846
0.01,4.0,56,0.0030226578264465633
0.01,4.0,57,0.0007870615995563834
0.01,4.0,58,0.0025434309815364673
0.01,4.0,59,0.0008969311410879692
0.01,4.0,60,0.0001597741209869648
0.01,4.0,61,0.0003322135851489012
0.01,4.0,62,0.000513348195778043
0.01,4.0,63,0.0006283001281329341
0.01,4.0,64,0.001325030756447535
0.01,4.0,65,0.0010610858034994868
0.01,4.0,66,0.0015612612075769066
0.01,6.0,42,-0.0010768324427407215
0.01,6.0,43,-0.00016785723321729773
0.01,6.0,44,0.0006196872007638667
0.01,6.0,45,0.0007050773701501324
0.01,6.0,46,0.0041661989634546185
0.01,6.0,47,0.00053458108312306
0.01,6.0,48,0.009936209113621034
0.01,6.0,49,0.003680323268587864
0.01,6.0,50,0.0072733606719703565
0.01,6.0,51,0.005738792433462225
0.01,6.0,52,0.0006701733521963124
0.01,6.0,53,0.002435870535955448
0.01,6.0,54,-0.0001574047748687908
0.01,6.0,55,0.009644475830871855
0.01,6.0,56,0.006041860306958334
0.01,6.0,57,0.0009226278870775956
0.01,6.0,58,0.004552368912610294
0.01,6.0,59,0.0015932027685183151
0.01,6.0,60,0.0011451543945651356
0.01,6.0,61,0.0008262254813939633
0.01,6.0,62,0.00043116939535978513
0.01,6.0,63,0.00033530626104296416
0.01,6.0,64,0.0026327488997519434
0.01,6.0,65,0.0009239745316647286
0.01,6.0,66,0.0025586139317773466
0.01,8.0,42,0.08171987996536893
0.01,8.0,43,-0.0012858385394673671
0.01,8.0,44,0.001356099063630196
0.01,8.0,45,0.003462992365672401
0.01,8.0,46,0.00697559890813344
0.01,8.0,47,0.0031562525325701026
0.01,8.0,48,0.012569776539167755
0.01,8.0,49,0.007026171240125183
0.01,8.0,50,0.010034212920034263
0.01,8.0,51,0.009585622368978168
0.01,8.0,52,0.0010724007965738722
0.01,8.0,53,0.0029970022987538102
0.01,8.0,54,-0.0005442293538613866
0.01,8.0,55,0.011835106305289484
0.01,8.0,56,0.004491046890359362
0.01,8.0,57,0.0007690290884607408
0.01,8.0,58,0.008433869573477259
0.01,8.0,59,0.0027700488819746836
0.01,8.0,60,0.0022093433239304895
0.01,8.0,61,0.0010161628596112372
0.01,8.0,62,0.0010267842658286748
0.01,8.0,63,-0.003962737376100394
0.01,8.0,64,0.002425721354906814
0.01,8.0,65,-0.00040104048754064937
0.01,8.0,66,0.004565357630460126
0.01,10.0,42,0.09342691342548794
0.01,10.0,43,0.01903205248187215
0.01,10.0,44,0.0015326528546580815
0.01,10.0,45,0.0015452676984283494
0.01,10.0,46,0.006903540584149254
0.01,10.0,47,0.10292896394006014
0.01,10.0,48,0.013988040223587402
0.01,10.0,49,0.00749363025587452
0.01,10.0,50,0.01520438796117749
0.01,10.0,51,0.012178342726581907
0.01,10.0,52,0.0020361671629745056
0.01,10.0,53,0.002955137238180446
0.01,10.0,54,0.0003588346557903619
0.01,10.0,55,-0.004614888243920165
0.01,10.0,56,0.003292193666269164
0.01,10.0,57,0.0008343462000378502
0.01,10.0,58,0.010882950652299108
0.01,10.0,59,0.003107576486179853
0.01,10.0,60,0.0023793715328918764
0.01,10.0,61,0.000508727747974112
0.01,10.0,62,0.0008149493994760558
0.01,10.0,63,-0.0014068639247084168
0.01,10.0,64,-0.00478500239833456
0.01,10.0,65,-0.000735686320865515
0.01,10.0,66,0.005514093276208475
0.01,12.0,42,0.09695228698278699
0.01,12.0,43,0.022750372339140512
0.01,12.0,44,0.002052332538584666
0.01,12.0,45,0.10866248609679321
0.01,12.0,46,0.00840320797552996
0.01,12.0,47,0.1064251983967766
0.01,12.0,48,0.014604088786123624
0.01,12.0,49,0.01058014637605071
0.01,12.0,50,0.0200138444645561
0.01,12.0,51,1.0
0.01,12.0,52,0.0025061827035251297
0.01,12.0,53,0.003771319436204111
0.01,12.0,54,0.0020133176650774308
0.01,12.0,55,-0.004416187954577472
0.01,12.0,56,0.0024012987958868235
0.01,12.0,57,0.0002093131267258657
0.01,12.0,58,0.016362091909655024
0.01,12.0,59,0.003413620633754803
0.01,12.0,60,0.002968292888352058
0.01,12.0,61,0.0007321432351582689
0.01,12.0,62,0.0007029360957582215
0.01,12.0,63,0.08608250415862202
0.01,12.0,64,-0.004467334027275594
0.01,12.0,65,-0.0003231836720792531
0.01,12.0,66,0.006917934607450661
0.02,0.5,42,0.00020384889408362071
0.02,0.5,43,7.669124215008458e-06
0.02,0.5,44,0.0003458311616092003
0.02,0.5,45,-0.00012164683501688704
0.02,0.5,46,-0.000324827033865163
0.02,0.5,47,0.0003782845491867978
0.02,0.5,48,-5.0807569522344707e-05
0.02,0.5,49,-0.00013415542496950306
0.02,0.5,50,-0.0004161101080889353
0.02,0.5,51,-3.4166716688453265e-05
0.02,0.5,52,-3.20558325093574e-05
0.02,0.5,53,0.00018100630970750245
0.02,0.5,54,-0.00029753844802391015
0.02,0.5,55,-7.035334389822203e-05
0.02,0.5,56,0.0005130045683007926
0.02,0.5,57,0.0005646322715410703
0.02,0.5,58,0.00015970866575114385
0.02,0.5,59,-0.0002556314144166597
0.02,0.5,60,-3.6157879843297857e-06
0.02,0.5,61,9.282899961196666e-05
0.02,0.5,62,0.00034691306184714385
0.02,0.5,63,0.00032731112684285365
0.02,0.5,64,0.0003190069215984745
0.02,0.5,65,-0.00018738972855790453
0.02,0.5,66,0.00030324144015688354
0.02,1.0,42,0.0005068146684402329
0.02,1.0,43,-7.555312071404127e-05
0.02,1.0,44,0.000606658672064966
0.02,1.0,45,2.860110835667587e-05
0.02,1.0,46,-0.0005166352136698694
0.02,1.0,47,0.000555555015579548
0.02,1.0,48,2.4594822661743583e-05
0.02,1.0,49,0.00014199056508498617
0.02,1.0,50,8.62460730297514e-05
0.02,1.0,51,-6.191828469310594e-05
0.02,1.0,52,-2.8460244660398253e-05
0.02,1.0,53,0.0004226634098534021
0.02,1.0,54,-0.0006565003412357614
0.02,1.0,55,0.0003737203322548117
0.02,1.0,56,0.001324763490136996
0.02,1.0,57,0.00152410356575644
0.02,1.0,58,0.0004404534243745531
0.02,1.0,59,-0.0004598088425027697
0.02,1.0,60,0.00029709092452234444
0.02,1.0,61,0.00020136029513943992
0.02,1.0,62,0.0010571540822319604
0.02,1.0,63,0.000981401349302988
0.02,1.0,64,0.0001655902127793797
0.02,1.0,65,-0.0003017198147383498
0.02,1.0,66,0.000631194665538486
0.02,2.0,42,0.001431645988719408
0.02,2.0,43,-4.618891613999711e-05
0.02,2.0,44,0.0011380551503676788
0.02,2.0,45,6.638929371301051e-05
0.02,2.0,46,-0.00016840644178839307
0.02,2.0,47,-0.000397674338712361
0.02,2.0,48,0.0017419839662142945
0.02,2.0,49,0.001771952193657874
0.02,2.0,50,0.0020029180997871887
0.02,2.0,51,0.0022655270928133558
0.02,2.0,52,0.0003778514346823065
0.02,2.0,53,0.0019211142529992203
0.02,2.0,54,0.00034314531699596766
0.02,2.0,55,0.0027631081459281903
0.02,2.0,56,0.0035675638142090653
0.02,2.0,57,0.00429963081662389
0.02,2.0,58,0.0011865284390908009
0.02,2.0,59,-0.0004558418034316365
0.02,2.0,60,0.0018776613925193036
0.02,2.0,61,0.00048361189420492343
0.02,2.0,62,0.002812849920512476
0.02,2.0,63,0.0021552179682770493
0.02,2.0,64,0.0017704890889465217
0.02,2.0,65,0.0009846673584579253
0.02,2.0,66,0.0019608176511439175
0.02,3.0,42,0.000449529335762919
0.02,3.0,43,0.0001604848412429212
0.02,3.0,44,0.0009945333519143162
0.02,3.0,45,0.0004950538910836851
0.02,3.0,46,0.001789059428283832
0.02,3.0,47,0.0007406651637298034
0.02,3.0,48,0.003100431996223142
0.02,3.0,49,0.003060272495495494
0.02,3.0,50,0.006402285518896428
0.02,3.0,51,0.0051203868812479065
0.02,3.0,52,0.0006886856154722523
0.02,3.0,53,0.0018304125007392884
0.02,3.0,54,0.002463168133333159
0.02,3.0,55,0.005510036964359589
0.02,3.0,56,0.0060624678984306036
0.02,3.0,57,0.003776613485476492
0.02,3.0,58,0.003091859408493484
0.02,3.0,59,0.0006624384721250718
0.02,3.0,60,0.0018708611462379065
0.02,3.0,61,0.0010518705495924678
0.02,3.0,62,0.0017052488108995202
0.02,3.0,63,0.00125601436576321
0.02,3.0,64,0.004396087041499946
0.02,3.0,65,0.0037659745625314997
0.02,3.0,66,0.001895061827957279
0.02,4.0,42,0.0005165557334214098
0.02,4.0,43,0.0002926357702836158
0.02,4.0,44,0.0002415697227548937
0.02,4.0,45,0.0006843050221290079
0.02,4.0,46,0.005739838097461362
0.02,4.0,47,0.0020409210095896396
0.02,4.0,48,0.01980832895306724
0.02,4.0,49,0.005555309908965456
0.02,4.0,50,0.003081057550831668
0.02,4.0,51,0.006722493131753394
0.02,4.0,52,0.0014607822553784355
0.02,4.0,53,0.0021734456037020462
0.02,4.0,54,0.005730126586268348
0.02,4.0,55,0.010415999407086754
0.02,4.0,56,0.014255406775937307
0.02,4.0,57,0.009071862612997889
0.02,4.0,58,0.005428233716562076
0.02,4.0,59,0.00035898574946320095
0.02,4.0,60,0.004041212776100657
0.02,4.0,61,0.001883400858772052
0.02,4.0,62,0.0027776355733411247
0.02,4.0,63,0.0011070822584599285
0.02,4.0,64,0.005568483901187126
0.02,4.0,65,0.004532417119666166
0.02,4.0,66,0.002683377036710668
0.02,6.0,42,0.0006436753089801115
0.02,6.0,43,0.0016497074020855327
0.02,6.0,44,0.0017661945001440748
0.02,6.0,45,0.012517083400300775
0.02,6.0,46,0.015029150534120574
0.02,6.0,47,0.004898298675729312
0.02,6.0,48,0.023855366020082182
0.02,6.0,49,0.00997566792273774
0.02,6.0,50,0.0014483427000937113
0.02,6.0,51,0.014051009454742752
0.02,6.0,52,0.0024449969604456636
0.02,6.0,53,0.003818869253884407
0.02,6.0,54,0.010295753536592529
0.02,6.0,55,0.02117736383577182
0.02,6.0,56,0.020206977789207332
0.02,6.0,57,0.029382074152747347
0.02,6.0,58,0.008632039261551656
0.02,6.0,59,0.00014158196300925987
0.02,6.0,60,0.013448725952490002
0.02,6.0,61,0.0019904019213287916
0.02,6.0,62,0.004999475606663521
0.02,6.0,63,0.000493727986980217
0.02,6.0,64,0.00867301891590879
0.02,6.0,65,0.004004614556245743
0.02,6.0,66,0.0030876596264740046
0.02,8.0,42,0.00027477734862006053
0.02,8.0,43,0.0017563771227071224
0.02,8.0,44,0.0005966584873655017
0.02,8.0,45,0.0010965641305760757
0.02,8.0,46,0.01982215553121016
0.02,8.0,47,0.003936146215276473
0.02,8.0,48,0.026257543018811724
0.02,8.0,49,0.011018765264157588
0.02,8.0,50,-0.0009221198630323113
0.02,8.0,51,0.022633165458916086
0.02,8.0,52,0.0036626493010236357
0.02,8.0,53,0.003967417459133058
0.02,8.0,54,0.014497535033465363
0.02,8.0,55,0.02569736266380922
0.02,8.0,56,0.016137465241822302
0.02,8.0,57,0.12522861233316565
0.02,8.0,58,0.01102759401904277
0.02,8.0,59,0.00012349828275713673
0.02,8.0,60,-0.005893394860198474
0.02,8.0,61,0.00362941626890772
0.02,8.0,62,0.006216698232465709
0.02,8.0,63,-0.00016653128763731718
0.02,8.0,64,0.1786488805984499
0.02,8.0,65,0.0009073869533042213
0.02,8.0,66,0.005014983039006034
0.02,10.0,42,0.0006865898091033705
0.02,10.0,43,0.004119771321007323
0.02,10.0,44,0.0006540846276410824
0.02,10.0,45,0.000814295271300735
0.02,10.0,46,0.024212199035881392
0.02,10.0,47,0.0040156261935240765
0.02,10.0,48,1.0
0.02,10.0,49,0.009044847551296444
0.02,10.0,50,-0.00041376315224639706
0.02,10.0,51,1.0
0.02,10.0,52,0.0036041879542332107
0.02,10.0,53,0.004318076568039654
0.02,10.0,54,0.01484149251769235
0.02,10.0,55,1.0
0.02,10.0,56,1.0
0.02,10.0,57,0.17168388216017566
0.02,10.0,58,0.012579838173947337
0.02,10.0,59,2.536133212352284e-05
0.02,10.0,60,-0.001481298889789475
0.02,10.0,61,0.009709654542495097
0.02,10.0,62,0.006590628837296711
0.02,10.0,63,-0.00012946352585025233
0.02,10.0,64,0.18181574759098648
0.02,10.0,65,-8.334834558544792e-05
0.02,10.0,66,0.005452010437821338
0.02,12.0,42,0.0019663391339188167
0.02,12.0,43,0.16778037612370558
0.02,12.0,44,0.0005557233286945778
0.02,12.0,45,0.00045602940342590997
0.02,12.0,46,0.025851459564356683
0.02,12.0,47,0.24245249759584014
0.02,12.0,48,1.0
0.02,12.0,49,0.008290647502257805
0.02,12.0,50,-0.00042251432199122185
0.02,12.0,51,1.0
0.02,12.0,52,0.0049431717277933695
0.02,12.0,53,0.0046721513955895475
0.02,12.0,54,0.014726561702601249
0.02,12.0,55,1.0
0.02,12.0,56,1.0
0.02,12.0,57,0.18395951391287368
0.02,12.0,58,0.01207897982106222
0.02,12.0,59,5.691358404059914e-05
0.02,12.0,60,0.00026209949068481045
0.02,12.0,61,0.18613944125824208
0.02,12.0,62,0.006293561166703055
0.02,12.0,63,0.00013503426925646743
0.02,12.0,64,0.17679493514091643
0.02,12.0,65,-0.0012547890208109002
0.02,12.0,66,0.007370575667914768
0.03,0.5,42,0.00016608812912407474
0.03,0.5,43,-2.1222887118613324e-05
0.03,0.5,44,0.0004772369625933543
0.03,0.5,45,5.2385863634027405e-05
0.03,0.5,46,-0.0005123530258480108
0.03,0.5,47,0.00023480184172193464
0.03,0.5,48,-0.00034273384106190855
0.03,0.5,49,7.497950194178043e-05
0.03,0.5,50,0.0005901095531964153
0.03,0.5,51,6.583721162304275e-05
0.03,0.5,52,0.00029506549688325634
0.03,0.5,53,0.0005311230939989439
0.03,0.5,54,-0.0005049527835067168
0.03,0.5,55,6.965173462357004e-05
0.03,0.5,56,0.0006425182476978073
0.03,0.5,57,0.0010803729881036874
0.03,0.5,58,-0.0005144154507359411
0.03,0.5,59,-0.0005067563434845002
0.03,0.5,60,2.5269326810940335e-05
0.03,0.5,61,0.00011104228187118713
0.03,0.5,62,0.0004132907961581285
0.03,0.5,63,0.0005815643780635696
0.03,0.5,64,7.983776239412663e-05
0.03,0.5,65,-0.00021206684877185368
0.03,0.5,66,0.0007953403415290326
0.03,1.0,42,0.00047562413449399576
0.03,1.0,43,-6.216938594457255e-05
0.03,1.0,44,0.0009324166615698934
0.03,1.0,45,6.717834401729679e-05
0.03,1.0,46,-8.463003727608015e-05
0.03,1.0,47,0.0015658340886722398
0.03,1.0,48,-0.0004541042818188867
0.03,1.0,49,0.0005606452756787073
0.03,1.0,50,0.0023355161111251297
0.03,1.0,51,0.0004838968086065681
0.03,1.0,52,0.00047138465608594424
0.03,1.0,53,0.0009563943851535354
0.03,1.0,54,-0.0008720149753356038
0.03,1.0,55,0.0009339658374532669
0.03,1.0,56,0.002127931738243401
0.03,1.0,57,0.002013066908077018
0.03,1.0,58,-3.3568697408290895e-05
0.03,1.0,59,-0.00035518725400310053
0.03,1.0,60,-0.00012856222300103095
0.03,1.0,61,9.222449148415427e-05
0.03,1.0,62,0.0012699960279170166
0.03,1.0,63,0.0017147424814576051
0.03,1.0,64,0.0007873632539311559
0.03,1.0,65,0.0011899306912844824
0.03,1.0,66,0.0016823531850810888
0.03,2.0,42,0.0026609637957808316
0.03,2.0,43,3.880631689226372e-06
0.03,2.0,44,0.0023762361420354454
0.03,2.0,45,1.8969313759662356e-05
0.03,2.0,46,0.003264096462865418
0.03,2.0,47,0.00021000900679561834
0.03,2.0,48,0.010162690139376488
0.03,2.0,49,0.0028279646606878634
0.03,2.0,50,0.003914158955123034
0.03,2.0,51,0.006729239921888484
0.03,2.0,52,0.0009862481182434434
0.03,2.0,53,0.0036801782254802383
0.03,2.0,54,0.0029155356894556075
0.03,2.0,55,0.005080770473567819
0.03,2.0,56,0.007286552751395223
0.03,2.0,57,0.005118220752828592
0.03,2.0,58,0.00280637977029564
0.03,2.0,59,0.00017969878647292742
0.03,2.0,60,0.0009118683854276854
0.03,2.0,61,6.721685862640342e-05
0.03,2.0,62,0.004124677321176595
0.03,2.0,63,0.004074573854540456
0.03,2.0,64,0.0035847530903527635
0.03,2.0,65,0.002592761033794531
0.03,2.0,66,0.0030561762841203165
0.03,3.0,42,0.001929153195665765
0.03,3.0,43,-1.1135012094450893e-05
0.03,3.0,44,0.0030264673699653922
0.03,3.0,45,3.236013769340721e-05
0.03,3.0,46,0.006915556193579365
0.03,3.0,47,0.001559266102520952
0.03,3.0,48,0.021609819988794493
0.03,3.0,49,0.002960718661233371
0.03,3.0,50,0.011209973355462028
0.03,3.0,51,0.019683898026785513
0.03,3.0,52,0.0030349305680487946
0.03,3.0,53,0.004919357894664789
0.03,3.0,54,0.006250985806825395
0.03,3.0,55,0.010224015146753244
0.03,3.0,56,0.014176839177742203
0.03,3.0,57,0.01142138785608917
0.03,3.0,58,0.00525919937712683
0.03,3.0,59,-0.00011164815961868491
0.03,3.0,60,0.003723207636957293
0.03,3.0,61,1.501045268223849e-05
0.03,3.0,62,0.0009220648629899863
0.03,3.0,63,0.00855152592071704
0.03,3.0,64,0.00848816545073876
0.03,3.0,65,0.006776727203912766
0.03,3.0,66,0.0035522048849279965
0.03,4.0,42,0.004477087139621986
0.03,4.0,43,0.0002595622397254319
0.03,4.0,44,0.003405731556624315
0.03,4.0,45,0.0001921715765735912
0.03,4.0,46,0.016589794326600103
0.03,4.0,47,0.006440044358743747
0.03,4.0,48,0.0243688354820354
0.03,4.0,49,0.0014080016192301451
0.03,4.0,50,0.002375304872374641
0.03,4.0,51,0.039310699584735036
0.03,4.0,52,0.0041113989134398355
0.03,4.0,53,0.007585652866540686
0.03,4.0,54,0.010555645382431391
0.03,4.0,55,0.015543221892690053
0.03,4.0,56,0.014976643130234805
0.03,4.0,57,0.015965898750373297
0.03,4.0,58,0.008191297236987277
0.03,4.0,59,-0.00024120761651451444
0.03,4.0,60,0.009216344790290109
0.03,4.0,61,0.00015904480267473295
0.03,4.0,62,0.021353736966618592
0.03,4.0,63,0.01763061487133552
0.03,4.0,64,0.011587048355988623
0.03,4.0,65,0.008168306878408044
0.03,4.0,66,0.0039551116479024755
0.03,6.0,42,0.004259123601168992
0.03,6.0,43,5.024549743481015e-05
0.03,6.0,44,0.005155626026898326
0.03,6.0,45,0.004232468757636043
0.03,6.0,46,0.026458337583603206
0.03,6.0,47,0.014192523689628516
0.03,6.0,48,0.030287177210664495
0.03,6.0,49,8.523956299976881e-05
0.03,6.0,50,0.0012009952732687024
0.03,6.0,51,-0.004917420476331084
0.03,6.0,52,0.007330799330512364
0.03,6.0,53,0.011367452509579424
0.03,6.0,54,0.01434233318752899
0.03,6.0,55,0.028228164676051756
0.03,6.0,56,0.010206959502634028
0.03,6.0,57,0.033129609635838816
0.03,6.0,58,0.008527548278076605
0.03,6.0,59,0.00044942472453546225
0.03,6.0,60,0.03305374680038474
0.03,6.0,61,0.001326369471417324
0.03,6.0,62,0.07240875145218215
0.03,6.0,63,0.19352034968329393
0.03,6.0,64,0.020328697437134734
0.03,6.0,65,0.009320868238737668
0.03,6.0,66,0.005144286954991537
0.03,8.0,42,0.005510680085472938
0.03,8.0,43,0.0001756302908515724
0.03,8.0,44,0.006993384353421228
0.03,8.0,45,0.010577554136551126
0.03,8.0,46,0.03212121737521187
0.03,8.0,47,0.2719659110120967
0.03,8.0,48,0.030192316461975188
0.03,8.0,49,0.0013899473212350554
0.03,8.0,50,0.0016142718162628186
0.03,8.0,51,-0.0015627506095077352
0.03,8.0,52,0.00907680336897002
0.03,8.0,53,0.014218499412832434
0.03,8.0,54,0.016658173975576476
0.03,8.0,55,0.033761826063875996
0.03,8.0,56,0.3170217495866512
0.03,8.0,57,1.0
0.03,8.0,58,0.00814969656075012
0.03,8.0,59,-7.760416975225753e-06
0.03,8.0,60,0.08222509067888166
0.03,8.0,61,0.004481049165042396
0.03,8.0,62,0.24771015572265287
0.03,8.0,63,0.2838118305205671
0.03,8.0,64,0.011651601011523214
0.03,8.0,65,0.28791775528274083
0.03,8.0,66,0.005535080931389446
0.03,10.0,42,0.006223800908101517
0.03,10.0,43,-1.2388826061275854e-05
0.03,10.0,44,0.3051930261080234
0.03,10.0,45,0.03432948831777465
0.03,10.0,46,0.035329093672252385
0.03,10.0,47,0.2856084191066255
0.03,10.0,48,0.9975677906964738
0.03,10.0,49,0.0032834792454142793
0.03,10.0,50,0.0031648752190354557
0.03,10.0,51,0.8278441730032695
0.03,10.0,52,0.011000510465615353
0.03,10.0,53,0.01590072219471241
0.03,10.0,54,0.017714192524906545
0.03,10.0,55,0.9987825843397433
0.03,10.0,56,0.41639936484976103
0.03,10.0,57,0.9963629494298413
0.03,10.0,58,0.00743570471369894
0.03,10.0,59,4.548292182629479e-05
0.03,10.0,60,0.0010418663405892914
0.03,10.0,61,0.007103954435594429
0.03,10.0,62,0.2727476028718923
0.03,10.0,63,0.30827335066595946
0.03,10.0,64,0.0029206028346276183
0.03,10.0,65,0.3909540916243841
0.03,10.0,66,0.006371245279770427
0.03,12.0,42,0.007713981900421281
0.03,12.0,43,0.697302751341493
0.03,12.0,44,0.30197850020114547
0.03,12.0,45,0.05280759459874473
0.03,12.0,46,0.0380976614634208
0.03,12.0,47,0.30645611923553306
0.03,12.0,48,0.9987825843397433
0.03,12.0,49,0.003375793590509767
0.03,12.0,50,0.7514628505238533
0.03,12.0,51,0.817472951582509
0.03,12.0,52,0.012217586164555599
0.03,12.0,53,0.0176300227850637
0.03,12.0,54,0.017424415119549126
0.03,12.0,55,0.9987825843397433
0.03,12.0,56,0.9680886373596566
0.03,12.0,57,0.9879669126232258
0.03,12.0,58,0.0060163438317782335
0.03,12.0,59,-0.00043186080586870803
0.03,12.0,60,0.0005874627499411364
0.03,12.0,61,0.011890065700659772
0.03,12.0,62,0.2960348102854077
0.03,12.0,63,0.33830733468648644
0.03,12.0,64,0.0010506026464168722
0.03,12.0,65,0.4683336784312559
0.03,12.0,66,0.008273976295588807
0.05,0.5,42,0.0008831858170902633
0.05,0.5,43,-7.976789719061886e-05
0.05,0.5,44,0.0009741417297595073
0.05,0.5,45,-0.00027695123879946794
0.05,0.5,46,-0.00035629658384547894
0.05,0.5,47,0.000568442679004943
0.05,0.5,48,0.00035687796015589096
0.05,0.5,49,-9.010426413731917e-05
0.05,0.5,50,0.0018592107101718766
0.05,0.5,51,0.0006702345296527951
0.05,0.5,52,0.00022387596391361858
0.05,0.5,53,0.0012342143703551066
0.05,0.5,54,-0.0004407126523974765
0.05,0.5,55,0.000514176924948675
0.05,0.5,56,0.0017372151974118747
0.05,0.5,57,0.001235883850108986
0.05,0.5,58,-0.0001467291263014617
0.05,0.5,59,0.0002765341087836
0.05,0.5,60,-0.0002831279178973456
0.05,0.5,61,-0.00011014879846019002
0.05,0.5,62,0.001418169192469892
0.05,0.5,63,0.0013777399624429233
0.05,0.5,64,0.0011411548484060725
0.05,0.5,65,3.536372972849673e-05
0.05,0.5,66,0.0008470998895167076
0.05,1.0,42,0.0021962950679833664
0.05,1.0,43,-0.0001878805702183797
0.05,1.0,44,0.0017386506345923461
0.05,1.0,45,0.00021287174809733
0.05,1.0,46,0.001976455217576615
0.05,1.0,47,0.0031915763833287986
0.05,1.0,48,0.0012684052719044248
0.05,1.0,49,0.002005658166179331
0.05,1.0,50,0.005607263176569379
0.05,1.0,51,0.0029163514315250984
0.05,1.0,52,0.0005237713098376508
0.05,1.0,53,0.002943063571027666
0.05,1.0,54,0.0008350781598792369
0.05,1.0,55,0.003902176161400448
0.05,1.0,56,0.005410109341532301
0.05,1.0,57,0.00447636463705389
0.05,1.0,58,0.002024659499725496
0.05,1.0,59,0.000335580165548006
0.05,1.0,60,0.0017512253014807034
0.05,1.0,61,-0.00020280290444817169
0.05,1.0,62,0.004266078212939917
0.05,1.0,63,0.0038247904198119138
0.05,1.0,64,0.0035310888582034254
0.05,1.0,65,0.0016125127825843452
0.05,1.0,66,0.0032219047647484966
0.05,2.0,42,0.010193427660585985
0.05,2.0,43,0.00013241848353820297
0.05,2.0,44,0.005160658075002716
0.05,2.0,45,0.00047255959713544775
0.05,2.0,46,0.007518283413725991
0.05,2.0,47,0.0007654267332879134
0.05,2.0,48,0.009097915937093977
0.05,2.0,49,0.00749175641945412
0.05,2.0,50,0.016838187801258935
0.05,2.0,51,0.012382068185413483
0.05,2.0,52,0.001510321009318872
0.05,2.0,53,0.008503152093017987
0.05,2.0,54,0.0061949851655338185
0.05,2.0,55,0.0127697178815343
0.05,2.0,56,0.021924322422349728
0.05,2.0,57,0.0075322088061512945
0.05,2.0,58,0.011283033193314857
0.05,2.0,59,0.0023682853249205093
0.05,2.0,60,0.005518942653430111
0.05,2.0,61,0.0014440820789347428
0.05,2.0,62,0.01010013677423079
0.05,2.0,63,0.008518559559858092
0.05,2.0,64,0.01254102084284929
0.05,2.0,65,0.008226486224443224
0.05,2.0,66,0.005375655162543026
0.05,3.0,42,0.01424131863409097
0.05,3.0,43,0.00016505476785128834
0.05,3.0,44,0.011305534186127644
0.05,3.0,45,0.0005130464874397409
0.05,3.0,46,0.02488296414439968
0.05,3.0,47,0.03325758380635944
0.05,3.0,48,0.002348867037939383
0.05,3.0,49,0.0071783285538632256
0.05,3.0,50,0.008140326582111062
0.05,3.0,51,0.026128730935535614
0.05,3.0,52,0.004579814752745902
0.05,3.0,53,0.01701605503605148
0.05,3.0,54,0.01363263677372733
0.05,3.0,55,0.028723138228618113
0.05,3.0,56,0.03223864982378223
0.05,3.0,57,0.005880758400801614
0.05,3.0,58,0.021790671874623264
0.05,3.0,59,0.004461228746435545
0.05,3.0,60,0.017155199353874603
0.05,3.0,61,0.009829957338944366
0.05,3.0,62,0.013413981736070876
0.05,3.0,63,0.01593221435014887
0.05,3.0,64,0.017009732948258673
0.05,3.0,65,0.020827382457569737
0.05,3.0,66,0.008490840703505656
0.05,4.0,42,0.023695598074093327
0.05,4.0,43,9.186455442032612e-05
0.05,4.0,44,0.011196546624334041
0.05,4.0,45,5.150888020857068e-05
0.05,4.0,46,0.04174917864942209
0.05,4.0,47,0.05118668350361084
0.05,4.0,48,0.08098623334214702
0.05,4.0,49,4.879552908334311e-05
0.05,4.0,50,0.002351654974469831
0.05,4.0,51,0.04721189051117074
0.05,4.0,52,0.009473408236514316
0.05,4.0,53,0.019739620829552974
0.05,4.0,54,0.019299605399575988
0.05,4.0,55,0.04270431310358281
0.05,4.0,56,0.07891797667862316
0.05,4.0,57,0.0039976028163495585
0.05,4.0,58,0.030310150585420366
0.05,4.0,59,0.005011375326779971
0.05,4.0,60,0.04041777021246705
0.05,4.0,61,0.02145912530507245
0.05,4.0,62,0.006887362140295502
0.05,4.0,63,0.026420569647902334
0.05,4.0,64,0.02687596609347598
0.05,4.0,65,0.029839042025584246
0.05,4.0,66,0.0064326659747782995
0.05,6.0,42,0.03282527988256023
0.05,6.0,43,0.0033539430884913894
0.05,6.0,44,0.014179268138170177
0.05,6.0,45,0.002938459813900328
0.05,6.0,46,0.06337049913288842
0.05,6.0,47,0.09329942060618357
0.05,6.0,48,0.9831370296594699
0.05,6.0,49,0.017928693659310137
0.05,6.0,50,0.000526220535553529
0.05,6.0,51,0.09320185679812998
0.05,6.0,52,0.012876097196601113
0.05,6.0,53,0.031510149431224994
0.05,6.0,54,0.01626337152323418
0.05,6.0,55,0.06952778232965219
0.05,6.0,56,0.9899791629935218
0.05,6.0,57,0.008427134655587497
0.05,6.0,58,0.041333953596662705
0.05,6.0,59,0.006998579489353669
0.05,6.0,60,0.0015916969031825544
0.05,6.0,61,0.046486265722557187
0.05,6.0,62,0.0049999068752133655
0.05,6.0,63,0.9697144434837329
0.05,6.0,64,0.08692137813736173
0.05,6.0,65,0.04221296725966532
0.05,6.0,66,0.0031923859879238394
0.05,8.0,42,0.0417574178468839
0.05,8.0,43,0.9892271975725184
0.05,8.0,44,0.42199889375268657
0.05,8.0,45,0.013490693071654855
0.05,8.0,46,0.9992250650765077
0.05,8.0,47,0.11493180881779397
0.05,8.0,48,0.998451108346338
0.05,8.0,49,0.02839559497611269
0.05,8.0,50,0.5042695199315911
0.05,8.0,51,0.13927928703422796
0.05,8.0,52,0.019368866166535825
0.05,8.0,53,0.037201195862173166
0.05,8.0,54,0.4283411920875254
0.05,8.0,55,0.9838754504202363
0.05,8.0,56,1.0
0.05,8.0,57,0.039144811924894427
0.05,8.0,58,0.9984476021784648
0.05,8.0,59,0.009157024237681482
0.05,8.0,60,0.5180068209749942
0.05,8.0,61,0.9953598020478623
0.05,8.0,62,0.47490263924934734
0.05,8.0,63,0.8778141818038443
0.05,8.0,64,0.09668177659775018
0.05,8.0,65,0.3383060083445503
0.05,8.0,66,0.005323494822348159
0.05,10.0,42,0.045860800771192416
0.05,10.0,43,1.0
0.05,10.0,44,0.4332362174903691
0.05,10.0,45,0.048433075984334356
0.05,10.0,46,1.0
0.05,10.0,47,0.14994572888771396
0.05,10.0,48,1.0
0.05,10.0,49,0.0341436691186395
0.05,10.0,50,0.537950949608488
0.05,10.0,51,0.18639027748861237
0.05,10.0,52,0.022905890207542814
0.05,10.0,53,0.03994478639323302
0.05,10.0,54,0.4860258854049891
0.05,10.0,55,0.9930450156901027
0.05,10.0,56,1.0
0.05,10.0,57,0.058940934262643296
0.05,10.0,58,0.9992241884771561
0.05,10.0,59,0.009471218459239289
0.05,10.0,60,0.5676755897020326
0.05,10.0,61,0.9992250650765077
0.05,10.0,62,0.5299052043038759
0.05,10.0,63,0.7340030332355406
0.05,10.0,64,0.061879965746736244
0.05,10.0,65,0.3728206741610326
0.05,10.0,66,0.004351328075531676
0.05,12.0,42,0.04909198831109698
0.05,12.0,43,1.0
0.05,12.0,44,0.45214647221321874
0.05,12.0,45,0.10981989637578277
0.05,12.0,46,1.0
0.05,12.0,47,0.1903428264531497
0.05,12.0,48,1.0
0.05,12.0,49,0.03598938840052791
0.05,12.0,50,0.5593128040650728
0.05,12.0,51,0.23069788420465745
0.05,12.0,52,0.023976152418253502
0.05,12.0,53,0.04493488419748737
0.05,12.0,54,0.5281402405459699
0.05,12.0,55,0.9969026297855293
0.05,12.0,56,1.0
0.05,12.0,57,0.07777128568083556
0.05,12.0,58,0.9992241884771561
0.05,12.0,59,0.009551556594343789
0.05,12.0,60,0.5839305273701666
0.05,12.0,61,1.0
0.05,12.0,62,0.5647606865141732
0.05,12.0,63,0.7436102092624117
0.05,12.0,64,0.029293389355068037
0.05,12.0,65,0.39551740672798924
0.05,12.0,66,0.0036614757150668018
0.08,0.5,42,0.0011947189712996978
0.08,0.5,43,2.276684895725826e-05
0.08,0.5,44,0.002022624851449149
0.08,0.5,45,-6.885912517267181e-05
0.08,0.5,46,0.001595746351382666
0.08,0.5,47,0.001782373303468761
0.08,0.5,48,0.0015873301817190316
0.08,0.5,49,0.0005822054867229441
0.08,0.5,50,0.0021228977295371363
0.08,0.5,51,0.0017844114637751084
0.08,0.5,52,0.00019700448880417872
0.08,0.5,53,0.0009838331907993133
0.08,0.5,54,0.00010942985419510141
0.08,0.5,55,0.0017814077683155516
0.08,0.5,56,0.004100031613139171
0.08,0.5,57,0.003596350746137368
0.08,0.5,58,0.0009136735904613728
0.08,0.5,59,0.0010652131276416735
0.08,0.5,60,6.042465811092068e-05
0.08,0.5,61,0.0002339186356453948
0.08,0.5,62,0.0021928700450077705
0.08,0.5,63,0.0019396635587233574
0.08,0.5,64,0.002009613258068698
0.08,0.5,65,0.0005341932123005516
0.08,0.5,66,0.0017130309234736345
0.08,1.0,42,0.004655415162435237
0.08,1.0,43,0.00017405648189592276
0.08,1.0,44,0.003667504891489528
0.08,1.0,45,5.8700166829536206e-05
0.08,1.0,46,0.004052572459126605
0.08,1.0,47,0.0052059591025890115
0.08,1.0,48,0.008513809428335866
0.08,1.0,49,0.005428329537812648
0.08,1.0,50,0.012369156507517179
0.08,1.0,51,0.00817133030755542
0.08,1.0,52,0.0003427038633430253
0.08,1.0,53,0.0040840458536657315
0.08,1.0,54,0.003089123441373562
0.08,1.0,55,0.011145957027625072
0.08,1.0,56,0.012063643711408356
0.08,1.0,57,0.014136213875738825
0.08,1.0,58,0.005274500572603599
0.08,1.0,59,-0.0004487902273131578
0.08,1.0,60,0.0029963010736594807
0.08,1.0,61,0.0010793478695606605
0.08,1.0,62,0.008691168011115538
0.08,1.0,63,0.004299898208014801
0.08,1.0,64,0.0055842598333133014
0.08,1.0,65,0.00496064520201116
0.08,1.0,66,0.0031097334059520727
0.08,2.0,42,0.013932093542768625
0.08,2.0,43,0.0019157094176891966
0.08,2.0,44,0.0163124603500589
0.08,2.0,45,0.0009948288071400901
0.08,2.0,46,0.02527992996569591
0.08,2.0,47,0.033898865356282865
0.08,2.0,48,0.0508567104121608
0.08,2.0,49,0.028240686738758656
0.08,2.0,50,0.06192778395404942
0.08,2.0,51,0.02918423200833445
0.08,2.0,52,0.0006830284028105495
0.08,2.0,53,0.008889635018492497
0.08,2.0,54,0.018613492911987033
0.08,2.0,55,0.03833357334765452
0.08,2.0,56,0.04832750761722572
0.08,2.0,57,0.02685699146165664
0.08,2.0,58,0.024611168742012624
0.08,2.0,59,0.005939717621311473
0.08,2.0,60,0.011692630536404734
0.08,2.0,61,0.0020599206171906057
0.08,2.0,62,0.025188725320950178
0.08,2.0,63,0.011903118547945709
0.08,2.0,64,0.021639649710644193
0.08,2.0,65,0.022025679219214295
0.08,2.0,66,0.00023001974434566503
0.08,3.0,42,0.017974612091289113
0.08,3.0,43,0.005688185355120598
0.08,3.0,44,0.03447634136853289
0.08,3.0,45,0.0021661327313886804
0.08,3.0,46,0.05601739962260108
0.08,3.0,47,0.0693008191951222
0.08,3.0,48,0.07248978256934772
0.08,3.0,49,0.04980630285525017
0.08,3.0,50,0.11577850429329642
0.08,3.0,51,0.06292272786007311
0.08,3.0,52,0.009733556570584941
0.08,3.0,53,0.015141417961171093
0.08,3.0,54,0.038156706224331934
0.08,3.0,55,0.07435962546976359
0.08,3.0,56,0.11326684221111805
0.08,3.0,57,0.04344833147711568
0.08,3.0,58,0.03762108800456039
0.08,3.0,59,0.014727639470032607
0.08,3.0,60,0.04426433515650557
0.08,3.0,61,0.001950070713932649
0.08,3.0,62,0.031442185965475176
0.08,3.0,63,0.008015701837995933
0.08,3.0,64,0.03481029107415043
0.08,3.0,65,0.043008313051433045
0.08,3.0,66,0.0004280753303491695
0.08,4.0,42,0.02311701437176389
0.08,4.0,43,0.012946898765733088
0.08,4.0,44,0.047871990234451205
0.08,4.0,45,0.0087854777876931
0.08,4.0,46,0.09540977815053155
0.08,4.0,47,0.09920750436606465
0.08,4.0,48,0.08179483615120575
0.08,4.0,49,0.07923733979305204
0.08,4.0,50,0.1442615155222221
0.08,4.0,51,0.10495081945171424
0.08,4.0,52,0.004996289093780876
0.08,4.0,53,0.0208567146391697
0.08,4.0,54,0.061864183311292814
0.08,4.0,55,0.1065263399187182
0.08,4.0,56,0.20056825072766707
0.08,4.0,57,0.05975878558930731
0.08,4.0,58,0.048875690394075494
0.08,4.0,59,0.009017909375875592
0.08,4.0,60,0.2967954217188734
0.08,4.0,61,-0.00016703219636534037
0.08,4.0,62,0.03923839781254938
0.08,4.0,63,0.007316828114132368
0.08,4.0,64,0.04699424711217948
0.08,4.0,65,0.0663721911012247
0.08,4.0,66,0.005229574032905436
0.08,6.0,42,0.0338896948973893
0.08,6.0,43,0.9780056733595643
0.08,6.0,44,0.17069959334144016
0.08,6.0,45,0.01905255135376792
0.08,6.0,46,0.15317226362975778
0.08,6.0,47,0.14430006292510048
0.08,6.0,48,0.9610158812030247
0.08,6.0,49,0.12105313625790667
0.08,6.0,50,0.985780524935268
0.08,6.0,51,0.8804024160910641
0.08,6.0,52,0.013903819762830496
0.08,6.0,53,0.026906171061472504
0.08,6.0,54,0.3972813537199711
0.08,6.0,55,0.9723596743243637
0.08,6.0,56,0.9925951294711088
0.08,6.0,57,0.38625777289701735
0.08,6.0,58,0.9852777948713638
0.08,6.0,59,0.011011206458432536
0.08,6.0,60,0.5453697296729249
0.08,6.0,61,0.02067033683302067
0.08,6.0,62,0.4477243963054183
0.08,6.0,63,0.0004756632074553806
0.08,6.0,64,0.48043335518715957
0.08,6.0,65,0.4176733774357099
0.08,6.0,66,0.00903757315520663
0.08,8.0,42,0.04053705811922515
0.08,8.0,43,0.9994687896652669
0.08,8.0,44,0.24628973511124005
0.08,8.0,45,0.0313805589301501
0.08,8.0,46,0.20296233358115318
0.08,8.0,47,0.17166047516472202
0.08,8.0,48,0.9962876898751272
0.08,8.0,49,0.12601542460228052
0.08,8.0,50,0.9989386526199118
0.08,8.0,51,0.9820856120917294
0.08,8.0,52,0.021343896686081543
0.08,8.0,53,0.03394084643763953
0.08,8.0,54,0.4593906307908671
0.08,8.0,55,0.9984085854843865
0.08,8.0,56,1.0
0.08,8.0,57,0.4351551422036413
0.08,8.0,58,0.13151013759488342
0.08,8.0,59,0.015345160321696938
0.08,8.0,60,0.6019845683633309
0.08,8.0,61,0.9978775883035335
0.08,8.0,62,0.5098367400609818
0.08,8.0,63,0.004317625599600686
0.08,8.0,64,0.632651798125982
0.08,8.0,65,0.4887243924850908
0.08,8.0,66,0.00906073065566861
0.08,10.0,42,0.04091803233967794
0.08,10.0,43,1.0
0.08,10.0,44,0.26474713503271224
0.08,10.0,45,0.040324652988236294
0.08,10.0,46,0.2445367025104515
0.08,10.0,47,0.19561940418832863
0.08,10.0,48,0.9978775883035335
0.08,10.0,49,0.13384715043613413
0.08,10.0,50,0.9994691239714105
0.08,10.0,51,0.9978762523996908
0.08,10.0,52,0.023306163350320486
0.08,10.0,53,0.03527871154577411
0.08,10.0,54,0.48005043817587895
0.08,10.0,55,1.0
0.08,10.0,56,1.0
0.08,10.0,57,0.4741745119816853
0.08,10.0,58,0.1370551247201364
0.08,10.0,59,0.01818580197816596
0.08,10.0,60,0.6249495622091099
0.08,10.0,61,1.0
0.08,10.0,62,0.5449851211692635
0.08,10.0,63,0.012962009699300796
0.08,10.0,64,0.9031507769133786
0.08,10.0,65,0.5253569078040143
0.08,10.0,66,0.01455290458944635
0.08,12.0,42,0.043278299562072256
0.08,12.0,43,1.0
0.08,12.0,44,0.27580976000083196
0.08,12.0,45,0.051333184096041276
0.08,12.0,46,0.26269508667573965
0.08,12.0,47,0.22596754254745233
0.08,12.0,48,0.998406581494101
0.08,12.0,49,0.12980943426266972
0.08,12.0,50,1.0
0.08,12.0,51,0.9994687896652669
0.08,12.0,52,0.9796647961417284
0.08,12.0,53,0.03183512882312185
0.08,12.0,54,0.5058390465560232
0.08,12.0,55,1.0
0.08,12.0,56,1.0
0.08,12.0,57,0.48525764764348683
0.08,12.0,58,0.14629251020737155
0.08,12.0,59,0.016112801283763255
0.08,12.0,60,0.639888771396582
0.08,12.0,61,1.0
0.08,12.0,62,0.5591289623267555
0.08,12.0,63,0.02462636307571059
0.08,12.0,64,0.9994687896652669
0.08,12.0,65,0.5726896452972685
0.08,12.0,66,0.0048593719069726735
0.12,0.5,42,0.002498636024312876
0.12,0.5,43,2.8073687942093574e-05
0.12,0.5,44,0.0024646083282567253
0.12,0.5,45,9.069712967729454e-06
0.12,0.5,46,0.0012655984613357566
0.12,0.5,47,0.0022251105426453212
0.12,0.5,48,0.0031617345563360296
0.12,0.5,49,0.002954122604094195
0.12,0.5,50,0.00888437207260315
0.12,0.5,51,0.005586323456282007
0.12,0.5,52,0.0002585969642644445
0.12,0.5,53,0.001642723551379967
0.12,0.5,54,0.0011409956123757125
0.12,0.5,55,0.005686122897798939
0.12,0.5,56,0.006350691211638377
0.12,0.5,57,0.0059826127371995965
0.12,0.5,58,0.004488559367459846
0.12,0.5,59,0.001148512044528308
0.12,0.5,60,0.0019287165536258672
0.12,0.5,61,-7.153937426340046e-05
0.12,0.5,62,0.00503681790842661
0.12,0.5,63,0.003651111216608098
0.12,0.5,64,0.003571897788818353
0.12,0.5,65,0.0010713532819363397
0.12,0.5,66,0.0023474142211675673
0.12,1.0,42,0.008574757695023999
0.12,1.0,43,2.678175252826048e-05
0.12,1.0,44,0.006685093267922235
0.12,1.0,45,4.7571533721988394e-05
0.12,1.0,46,0.009971370531220046
0.12,1.0,47,0.010667299080569655
0.12,1.0,48,0.01248116976012083
0.12,1.0,49,0.011895585482691285
0.12,1.0,50,0.0257818229270979
0.12,1.0,51,0.016210810143415442
0.12,1.0,52,-0.0002683689704184182
0.12,1.0,53,0.0020390210999165184
0.12,1.0,54,0.008232121811061087
0.12,1.0,55,0.023402384328413815
0.12,1.0,56,0.024244806709751526
0.12,1.0,57,0.024478497626209007
0.12,1.0,58,0.028614794305404194
0.12,1.0,59,0.0023453601263247613
0.12,1.0,60,0.011619199079604233
0.12,1.0,61,-8.797238519476723e-05
0.12,1.0,62,0.01257271165143368
0.12,1.0,63,0.009853786101166837
0.12,1.0,64,0.011349894929054617
0.12,1.0,65,0.01059051711719381
0.12,1.0,66,0.006508858111116221
0.12,2.0,42,0.020131735945048277
0.12,2.0,43,0.0019281098001858812
0.12,2.0,44,0.02029229631321279
0.12,2.0,45,0.003915637667118494
0.12,2.0,46,0.04683654879934085
0.12,2.0,47,0.06418138125140266
0.12,2.0,48,0.05091391310197781
0.12,2.0,49,0.023884479335372768
0.12,2.0,50,0.0691814414491366
0.12,2.0,51,0.050264200161227436
0.12,2.0,52,0.0014943748263366089
0.12,2.0,53,0.0011310467731544189
0.12,2.0,54,0.015940280934980337
0.12,2.0,55,0.0604302386034889
0.12,2.0,56,0.10337541884650472
0.12,2.0,57,0.043141439625768954
0.12,2.0,58,0.09456144978847154
0.12,2.0,59,0.0006267846372080136
0.12,2.0,60,0.02993481753395627
0.12,2.0,61,0.017547969526221778
0.12,2.0,62,0.039270771083963325
0.12,2.0,63,0.018392892922672214
0.12,2.0,64,0.023972842303769927
0.12,2.0,65,0.04120103754111521
0.12,2.0,66,0.014974437271607514
0.12,3.0,42,0.030087035505345763
0.12,3.0,43,0.00802097843187178
0.12,3.0,44,0.03976501309763079
0.12,3.0,45,0.015758828584004795
0.12,3.0,46,0.08993031965147534
0.12,3.0,47,0.10842319329445156
0.12,3.0,48,0.29037630694525934
0.12,3.0,49,0.030406456194674056
0.12,3.0,50,0.10222631751834568
0.12,3.0,51,0.09253958338197135
0.12,3.0,52,0.0073224785197332845
0.12,3.0,53,-0.00012698633121701586
0.12,3.0,54,0.021656409689275822
0.12,3.0,55,0.36776707129351194
0.12,3.0,56,0.26322348508580495
0.12,3.0,57,0.06733941181542596
0.12,3.0,58,0.07427764645388031
0.12,3.0,59,0.0037914097933798778
0.12,3.0,60,0.09877624435390808
0.12,3.0,61,0.05331540827592459
0.12,3.0,62,0.04122616965790537
0.12,3.0,63,0.015027681883714387
0.12,3.0,64,0.0020768325737906624
0.12,3.0,65,0.06531803552531663
0.12,3.0,66,0.0142082188710278
0.12,4.0,42,0.04117379784280602
0.12,4.0,43,0.012846793132497127
0.12,4.0,44,0.0661652662384056
0.12,4.0,45,0.03005977380234087
0.12,4.0,46,0.13777994992695153
0.12,4.0,47,0.15091666057035416
0.12,4.0,48,0.7370811838826423
0.12,4.0,49,0.021193744821920893
0.12,4.0,50,0.14824861060279004
0.12,4.0,51,0.14906890170674308
0.12,4.0,52,0.002112788901173198
0.12,4.0,53,7.63771598907074e-05
0.12,4.0,54,0.02009066668784709
0.12,4.0,55,0.6444570980900503
0.12,4.0,56,0.8189018375030784
0.12,4.0,57,0.4296694734636998
0.12,4.0,58,0.5365891796443798
0.12,4.0,59,0.0186502988229641
0.12,4.0,60,0.6451871902139288
0.12,4.0,61,0.7470371663272228
0.12,4.0,62,0.035571515824102264
0.12,4.0,63,0.017971393228853057
0.12,4.0,64,0.0200824560121029
0.12,4.0,65,0.5168666607562358
0.12,4.0,66,0.011904482832178948
0.12,6.0,42,0.05224075789806003
0.12,6.0,43,0.5291695912521561
0.12,6.0,44,0.458047133072233
0.12,6.0,45,0.07596779779488133
0.12,6.0,46,0.7252434316363077
0.12,6.0,47,0.2172012421581396
0.12,6.0,48,0.9880646382663144
0.12,6.0,49,0.5708724821069815
0.12,6.0,50,0.8042817280177579
0.12,6.0,51,0.8877119081022729
0.12,6.0,52,0.022523531024450042
0.12,6.0,53,0.004256114530222546
0.12,6.0,54,0.5854615044104641
0.12,6.0,55,0.8495961049171739
0.12,6.0,56,0.9880729513835182
0.12,6.0,57,0.5368895125083776
0.12,6.0,58,0.7230814388485415
0.12,6.0,59,0.008847726129756938
0.12,6.0,60,0.6078479780455239
0.12,6.0,61,0.9912427239878933
0.12,6.0,62,0.5415018563052468
0.12,6.0,63,0.005076229251668047
0.12,6.0,64,0.15716306977500827
0.12,6.0,65,0.7007166239658748
0.12,6.0,66,-0.0007063830675490001
0.12,8.0,42,0.0581251946449482
0.12,8.0,43,0.5646528192641481
0.12,8.0,44,0.4628727057134703
0.12,8.0,45,0.09014805100053895
0.12,8.0,46,0.9105712020271606
0.12,8.0,47,0.24384854972922404
0.12,8.0,48,0.9992000271643298
0.12,8.0,49,0.61714846855859
0.12,8.0,50,0.8930235738033595
0.12,8.0,51,0.9691855002773504
0.12,8.0,52,0.025930486496363928
0.12,8.0,53,0.008318609511171363
0.12,8.0,54,0.626847365195248
0.12,8.0,55,0.8794455675531015
0.12,8.0,56,1.0
0.12,8.0,57,0.588204638301735
0.12,8.0,58,0.7711778353585406
0.12,8.0,59,0.01181620287156047
0.12,8.0,60,0.6481655113277635
0.12,8.0,61,1.0
0.12,8.0,62,0.5960702359461245
0.12,8.0,63,0.0027693382668889715
0.12,8.0,64,0.311802176351333
0.12,8.0,65,0.7385763376066878
0.12,8.0,66,2.907942640268091e-05
0.12,10.0,42,0.07746225084959703
0.12,10.0,43,0.5768096870808007
0.12,10.0,44,0.45659666457459525
0.12,10.0,45,0.10960592847870705
0.12,10.0,46,0.9675915221476091
0.12,10.0,47,0.27989428935812355
0.12,10.0,48,1.0
0.12,10.0,49,0.6416871802692934
0.12,10.0,50,0.9349466237507355
0.12,10.0,51,0.9916035535861666
0.12,10.0,52,0.9614198021860295
0.12,10.0,53,0.011089352097945909
0.12,10.0,54,0.6413686122637492
0.12,10.0,55,0.8954260751363504
0.12,10.0,56,1.0
0.12,10.0,57,0.6046167141586293
0.12,10.0,58,0.788900016930411
0.12,10.0,59,0.008577890040323461
0.12,10.0,60,0.6619857101537481
0.12,10.0,61,0.9995999166769883
0.12,10.0,62,0.6174160878376785
0.12,10.0,63,0.13823983558654335
0.12,10.0,64,0.32175168859712616
0.12,10.0,65,0.7336391818077599
0.12,10.0,66,-0.0005381953099836127
0.12,12.0,42,0.06847872498749748
0.12,12.0,43,0.588201954180666
0.12,12.0,44,0.44821201095915536
0.12,12.0,45,0.12413451526747094
0.12,12.0,46,0.9852531485715046
0.12,12.0,47,0.28718614919285884
0.12,12.0,48,1.0
0.12,12.0,49,0.656372807289299
0.12,12.0,50,0.9463106051875056
0.12,12.0,51,0.994793928097916
0.12,12.0,52,0.970580731976401
0.12,12.0,53,0.0167406982070287
0.12,12.0,54,0.646029984856791
0.12,12.0,55,0.8985919190643558
0.12,12.0,56,1.0
0.12,12.0,57,0.6100313486981261
0.12,12.0,58,0.7977749521713727
0.12,12.0,59,0.013149138384377446
0.12,12.0,60,0.6670538654638394
0.12,12.0,61,0.9992000271643298
0.12,12.0,62,0.6304436580486592
0.12,12.0,63,0.30598384476265705
0.12,12.0,64,0.3135342855935128
0.12,12.0,65,0.7283195452021093
0.12,12.0,66,0.0003705141727449291
0.18,0.5,42,0.00441768533272299
0.18,0.5,43,-9.212403297819243e-05
0.18,0.5,44,0.003834637155705093
0.18,0.5,45,-3.992794517178163e-05
0.18,0.5,46,0.006035948500804858
0.18,0.5,47,0.007678929037003281
0.18,0.5,48,0.007278820580411406
0.18,0.5,49,0.0075633587917905455
0.18,0.5,50,0.014328016050887037
0.18,0.5,51,0.007742282088574124
0.18,0.5,52,-9.661025623761903e-05
0.18,0.5,53,0.0033523711774773603
0.18,0.5,54,0.0038746095818891495
0.18,0.5,55,0.008628128547658888
0.18,0.5,56,0.01235363876057715
0.18,0.5,57,0.0129067410681308
0.18,0.5,58,0.007695576634424239
0.18,0.5,59,0.006341541767512692
0.18,0.5,60,0.005413519071974258
0.18,0.5,61,-3.183900581434243e-05
0.18,0.5,62,0.00817318147303139
0.18,0.5,63,0.005424659496432148
0.18,0.5,64,0.005852671204654446
0.18,0.5,65,0.004790957327608651
0.18,0.5,66,0.0033411255285885596
0.18,1.0,42,0.01777322272038796
0.18,1.0,43,-4.9012069579192937e-05
0.18,1.0,44,0.010725388095196653
0.18,1.0,45,0.0005341616234175116
0.18,1.0,46,0.03292559392931918
0.18,1.0,47,0.02205270310567392
0.18,1.0,48,0.02659592508995812
0.18,1.0,49,0.026448952513705368
0.18,1.0,50,0.0511386279925187
0.18,1.0,51,0.03725811943863776
0.18,1.0,52,0.0032546508365303164
0.18,1.0,53,0.00898027453378125
0.18,1.0,54,0.033857424225446124
0.18,1.0,55,0.0390575720569082
0.18,1.0,56,0.044849880274728526
0.18,1.0,57,0.032210754529786806
0.18,1.0,58,0.04115584033650571
0.18,1.0,59,0.018982359984045714
0.18,1.0,60,0.023282273321305738
0.18,1.0,61,0.0059581276064084995
0.18,1.0,62,0.02611829837535599
0.18,1.0,63,0.017749762874317676
0.18,1.0,64,0.01839451801288155
0.18,1.0,65,0.021806040270895714
0.18,1.0,66,0.009827955103042043
0.18,2.0,42,0.04866861784853887
0.18,2.0,43,0.0005755836021120071
0.18,2.0,44,0.03742483923195846
0.18,2.0,45,0.033564449723295045
0.18,2.0,46,0.07051426703675932
0.18,2.0,47,0.06795312483940916
0.18,2.0,48,0.1884753577409992
0.18,2.0,49,0.07534553202874084
0.18,2.0,50,0.1328680050242483
0.18,2.0,51,0.1318641526562405
0.18,2.0,52,0.02232241517747027
0.18,2.0,53,0.019385060453270295
0.18,2.0,54,0.17800281995265874
0.18,2.0,55,0.14510354004692716
0.18,2.0,56,0.20593306536022782
0.18,2.0,57,0.0743262283238633
0.18,2.0,58,0.221729430277253
0.18,2.0,59,0.03134477728550803
0.18,2.0,60,0.07407324997386414
0.18,2.0,61,0.22017826196829166
0.18,2.0,62,0.06705301184768452
0.18,2.0,63,0.02429800197040255
0.18,2.0,64,0.04512447380670434
0.18,2.0,65,0.08908079346009518
0.18,2.0,66,0.022450695205133098
0.18,3.0,42,0.07332696857874746
0.18,3.0,43,5.006948437284762e-05
0.18,3.0,44,0.06895765608670151
0.18,3.0,45,0.07745987514605385
0.18,3.0,46,0.09122410251789499
0.18,3.0,47,0.40109335381165784
0.18,3.0,48,0.5865313874966749
0.18,3.0,49,0.15205263196673272
0.18,3.0,50,0.23641748380436156
0.18,3.0,51,0.46541927731152316
0.18,3.0,52,0.045986991709364634
0.18,3.0,53,0.23907830132914504
0.18,3.0,54,0.22480877990921525
0.18,3.0,55,0.48347925483517656
0.18,3.0,56,0.581320812249848
0.18,3.0,57,0.1154558419281055
0.18,3.0,58,0.5656644157522838
0.18,3.0,59,0.04244647258984154
0.18,3.0,60,0.21866010966326338
0.18,3.0,61,0.5739423667114292
0.18,3.0,62,0.15153833088677426
0.18,3.0,63,0.032144113698160365
0.18,3.0,64,-0.0002090448055019287
0.18,3.0,65,0.43590950888397456
0.18,3.0,66,0.001144559245813656
0.18,4.0,42,0.13295191106728738
0.18,4.0,43,0.5366500051865254
0.18,4.0,44,0.10009491990241533
0.18,4.0,45,0.11634201729166142
0.18,4.0,46,0.4365283166152485
0.18,4.0,47,0.5638121079652453
0.18,4.0,48,0.8701337325534382
0.18,4.0,49,0.24593555779959553
0.18,4.0,50,0.3431558285497766
0.18,4.0,51,0.8314970228178741
0.18,4.0,52,0.07898123635531114
0.18,4.0,53,0.5930545207141298
0.18,4.0,54,0.2734231821593841
0.18,4.0,55,0.7981032565338831
0.18,4.0,56,0.8752014891656659
0.18,4.0,57,0.39210190596490946
0.18,4.0,58,0.8285445344602179
0.18,4.0,59,0.05297828113209547
0.18,4.0,60,0.37084898663703103
0.18,4.0,61,0.7950831262256476
0.18,4.0,62,0.22513534782762987
0.18,4.0,63,0.033295318447569944
0.18,4.0,64,0.5238277173665705
0.18,4.0,65,0.6321554754801988
0.18,4.0,66,0.00039622998924275564
0.18,6.0,42,0.26810423792583904
0.18,6.0,43,0.6510157612547806
0.18,6.0,44,0.2476569995521798
0.18,6.0,45,0.18459458391838715
0.18,6.0,46,0.8578487368438095
0.18,6.0,47,0.6946245373388182
0.18,6.0,48,0.9942429741098328
0.18,6.0,49,0.3216451563383034
0.18,6.0,50,0.5768706932794007
0.18,6.0,51,0.992329609487515
0.18,6.0,52,0.13764369859767886
0.18,6.0,53,0.5908309193389035
0.18,6.0,54,0.358574027534015
0.18,6.0,55,0.9714626770265328
0.18,6.0,56,0.9910595825639822
0.18,6.0,57,0.5434785252622519
0.18,6.0,58,0.5113757660332433
0.18,6.0,59,0.07250284794223935
0.18,6.0,60,0.6136133043982267
0.18,6.0,61,0.8118612880455476
0.18,6.0,62,0.5674010365171002
0.18,6.0,63,0.025528024423342826
0.18,6.0,64,0.6102791846716981
0.18,6.0,65,0.7809758886258752
0.18,6.0,66,0.001087778265235449
0.18,8.0,42,0.3695968795606669
0.18,8.0,43,0.7001314691312508
0.18,8.0,44,0.29859176163796
0.18,8.0,45,0.24659613809768433
0.18,8.0,46,0.9480669541148816
0.18,8.0,47,0.7451917143481418
0.18,8.0,48,0.9996796142478804
0.18,8.0,49,0.4434375733419105
0.18,8.0,50,0.7370184121058301
0.18,8.0,51,0.9996796142478804
0.18,8.0,52,0.23379286943724492
0.18,8.0,53,0.641274884010446
0.18,8.0,54,0.39996059076286683
0.18,8.0,55,0.9967972578931263
0.18,8.0,56,0.999359109724898
0.18,8.0,57,0.5794748126970155
0.18,8.0,58,0.4516494949655732
0.18,8.0,59,0.055796167573159264
0.18,8.0,60,0.6512196083870034
0.18,8.0,61,0.7895440053330706
0.18,8.0,62,0.6070176105534488
0.18,8.0,63,0.018941142396327645
0.18,8.0,64,0.6358902249734312
0.18,8.0,65,0.8095192523991498
0.18,8.0,66,0.00014853810615797955
0.18,10.0,42,0.4234166033993352
0.18,10.0,43,0.730787299444836
0.18,10.0,44,0.39491967171929787
0.18,10.0,45,0.2781852679309466
0.18,10.0,46,0.975713119089233
0.18,10.0,47,0.7685477842048141
0.18,10.0,48,1.0
0.18,10.0,49,0.4732748907015691
0.18,10.0,50,0.8241078878563028
0.18,10.0,51,1.0
0.18,10.0,52,0.3732804048501552
0.18,10.0,53,0.6672402919625218
0.18,10.0,54,0.4555515997461734
0.18,10.0,55,0.9987183903766597
0.18,10.0,56,0.999359109724898
0.18,10.0,57,0.5987102358110167
0.18,10.0,58,0.46068730438043565
0.18,10.0,59,0.10895642274458692
0.18,10.0,60,0.6710724655985115
0.18,10.0,61,0.7619711357618782
0.18,10.0,62,0.6295901002713471
0.18,10.0,63,0.018980520135887607
0.18,10.0,64,0.6356052918442121
0.18,10.0,65,0.8165176057566533
0.18,10.0,66,0.0019488417187759261
0.18,12.0,42,0.48320740004421925
0.18,12.0,43,0.7460455389853899
0.18,12.0,44,0.39705988283678434
0.18,12.0,45,0.3100883784299209
0.18,12.0,46,0.9839858105834384
0.18,12.0,47,0.7816148398360709
0.18,12.0,48,1.0
0.18,12.0,49,0.4809639813182357
0.18,12.0,50,0.8393058438718424
0.18,12.0,51,1.0
0.18,12.0,52,0.5153143763232083
0.18,12.0,53,0.6776275879828528
0.18,12.0,54,0.4827354373937039
0.18,12.0,55,0.9990386478836107
0.18,12.0,56,0.999359109724898
0.18,12.0,57,0.6090706213211468
0.18,12.0,58,0.4677778898531052
0.18,12.0,59,0.06603231056641143
0.18,12.0,60,0.6799159219064146
0.18,12.0,61,0.7532235120062051
0.18,12.0,62,0.636807927599714
0.18,12.0,63,0.008921177346033817
0.18,12.0,64,0.641564225263317
0.18,12.0,65,0.8117218971936755
0.18,12.0,66,0.001836387071259194
0.25,0.5,42,0.007803236647270165
0.25,0.5,43,0.000653307134098099
0.25,0.5,44,0.003436698828400077
0.25,0.5,45,5.366709656266483e-05
0.25,0.5,46,0.00828149294763631
0.25,0.5,47,0.010944104896248677
0.25,0.5,48,0.012870311410591896
0.25,0.5,49,0.01252218605623972
0.25,0.5,50,0.02052282641767833
0.25,0.5,51,0.01478148058678681
0.25,0.5,52,0.00011574623040273572
0.25,0.5,53,0.008042248747772736
0.25,0.5,54,0.007377774701975151
0.25,0.5,55,0.017823232853211964
0.25,0.5,56,0.018374545612705136
0.25,0.5,57,0.022336773484024446
0.25,0.5,58,0.017689450273763906
0.25,0.5,59,0.01371452179689758
0.25,0.5,60,0.010583865650979553
0.25,0.5,61,0.0016910026423226652
0.25,0.5,62,0.012725421179185056
0.25,0.5,63,0.008112012258407655
0.25,0.5,64,0.011671127099102844
0.25,0.5,65,0.008291197521289945
0.25,0.5,66,0.0036593274009686866
0.25,1.0,42,0.028085250232664446
0.25,1.0,43,0.006303194771613372
0.25,1.0,44,0.006348177068502569
0.25,1.0,45,-3.089352368220354e-05
0.25,1.0,46,0.05015175066848851
0.25,1.0,47,0.03115997519617808
0.25,1.0,48,0.06264202626989426
0.25,1.0,49,0.04338873654993138
0.25,1.0,50,0.08062036315793082
0.25,1.0,51,0.057999553643845445
0.25,1.0,52,0.008394019286946924
0.25,1.0,53,0.02829878190780368
0.25,1.0,54,0.029050947839407433
0.25,1.0,55,0.07650813202369589
0.25,1.0,56,0.07661339789240647
0.25,1.0,57,0.028750405685886323
0.25,1.0,58,0.05720973674612227
0.25,1.0,59,0.02949234633588927
0.25,1.0,60,0.041619391020412726
0.25,1.0,61,0.046548500802384644
0.25,1.0,62,0.03908456920114519
0.25,1.0,63,0.025877476866157403
0.25,1.0,64,0.0355396807310722
0.25,1.0,65,0.037460415579952534
0.25,1.0,66,0.0010292803769464496
0.25,2.0,42,0.19042973500058274
0.25,2.0,43,0.0724007108555198
0.25,2.0,44,0.0034382913247269138
0.25,2.0,45,0.04543345038197411
0.25,2.0,46,0.17171993038352934
0.25,2.0,47,0.07932557502137211
0.25,2.0,48,0.35130948908787474
0.25,2.0,49,0.12479310430190352
0.25,2.0,50,0.26803441832389185
0.25,2.0,51,0.29161256890183157
0.25,2.0,52,0.05812578539007578
0.25,2.0,53,0.08202989551849929
0.25,2.0,54,0.10941530373175135
0.25,2.0,55,0.31931415519719647
0.25,2.0,56,0.30663421486303966
0.25,2.0,57,0.08831676517851532
0.25,2.0,58,0.17174537122877
0.25,2.0,59,0.04222285509518233
0.25,2.0,60,0.13729788596612955
0.25,2.0,61,0.2608770251948251
0.25,2.0,62,0.14063730418504602
0.25,2.0,63,0.11080455491199748
0.25,2.0,64,0.11268771802758916
0.25,2.0,65,0.3177688553910888
0.25,2.0,66,0.02117551147972858
0.25,3.0,42,0.40352625242183393
0.25,3.0,43,0.44935545537454186
0.25,3.0,44,0.0035734296680467754
0.25,3.0,45,0.11830919275375605
0.25,3.0,46,0.33462325476264326
0.25,3.0,47,0.015095416307213868
0.25,3.0,48,0.6804107993244274
0.25,3.0,49,0.2161552922566489
0.25,3.0,50,0.4871115377647136
0.25,3.0,51,0.6478374841719755
0.25,3.0,52,0.13401689212071216
0.25,3.0,53,0.2851062365697609
0.25,3.0,54,0.20279949386890664
0.25,3.0,55,0.6940330476846671
0.25,3.0,56,0.5574033041666148
0.25,3.0,57,0.23110366343105618
0.25,3.0,58,0.2900919941732419
0.25,3.0,59,0.06119086432870823
0.25,3.0,60,0.21929135378818707
0.25,3.0,61,0.5318309353864435
0.25,3.0,62,0.2407583878301468
0.25,3.0,63,0.19821268304099188
0.25,3.0,64,0.2287715032682567
0.25,3.0,65,0.655960845865129
0.25,3.0,66,0.05235125701316873
0.25,4.0,42,0.6106775849684182
0.25,4.0,43,0.5980678956568581
0.25,4.0,44,0.5543343937398109
0.25,4.0,45,0.20481452600834024
0.25,4.0,46,0.4688211743439846
0.25,4.0,47,0.5632114434836295
0.25,4.0,48,0.8931027092919241
0.25,4.0,49,0.2948321127386319
0.25,4.0,50,0.6650868251070375
0.25,4.0,51,0.8969859192034786
0.25,4.0,52,0.23267577558666036
0.25,4.0,53,0.48655126136757487
0.25,4.0,54,0.49087695832472644
0.25,4.0,55,0.8925180734213332
0.25,4.0,56,0.7712427860966947
0.25,4.0,57,0.4999044582915273
0.25,4.0,58,0.4067080817142699
0.25,4.0,59,0.05791853822915315
0.25,4.0,60,0.30741212179338295
0.25,4.0,61,0.465683786640936
0.25,4.0,62,0.3270915810013521
0.25,4.0,63,0.24351321852093907
0.25,4.0,64,0.4492262847575584
0.25,4.0,65,0.8089345233979429
0.25,4.0,66,0.08620560558754721
0.25,6.0,42,0.8641734747501618
0.25,6.0,43,0.7300050647213202
0.25,6.0,44,0.7192389305335699
0.25,6.0,45,0.32744532709303903
0.25,6.0,46,0.6936297429716566
0.25,6.0,47,0.6374579875949947
0.25,6.0,48,0.9934691715433727
0.25,6.0,49,0.3908425105045223
0.25,6.0,50,0.7998252703691497
0.25,6.0,51,0.9931878498114806
0.25,6.0,52,0.4388732391985576
0.25,6.0,53,0.8858406830259463
0.25,6.0,54,0.6152943742983167
0.25,6.0,55,0.992056299022572
0.25,6.0,56,0.9337312129614593
0.25,6.0,57,0.603901349624759
0.25,6.0,58,0.7337074092481298
0.25,6.0,59,0.021368425585183558
0.25,6.0,60,0.3616683255612761
0.25,6.0,61,0.19907844406893507
0.25,6.0,62,0.4870929662843193
0.25,6.0,63,0.3841740066095143
0.25,6.0,64,0.5883245143612607
0.25,6.0,65,0.9062164762754568
0.25,6.0,66,0.12064089016981669
0.25,8.0,42,0.9312615146158643
0.25,8.0,43,0.777865516077931
0.25,8.0,44,0.8202413844710045
0.25,8.0,45,0.38540007516485203
0.25,8.0,46,0.8125635856754726
0.25,8.0,47,0.656481179936061
0.25,8.0,48,0.9988625609758452
0.25,8.0,49,0.44976867782280106
0.25,8.0,50,0.8473381227757949
0.25,8.0,51,0.998294311284335
0.25,8.0,52,0.5862138989536885
0.25,8.0,53,0.9742541246049369
0.25,8.0,54,0.6575560021216511
0.25,8.0,55,0.9965907129640089
0.25,8.0,56,0.9621639020355572
0.25,8.0,57,0.6418779913047289
0.25,8.0,58,0.8558976839219358
0.25,8.0,59,0.03444989214427424
0.25,8.0,60,0.3955582767530545
0.25,8.0,61,0.43503763221434855
0.25,8.0,62,0.5482234812609187
0.25,8.0,63,0.4283810616034932
0.25,8.0,64,0.6443282303599146
0.25,8.0,65,0.9124034103026228
0.25,8.0,66,0.11554103852236236
0.25,10.0,42,0.9491996465443648
0.25,10.0,43,0.798600509477628
0.25,10.0,44,0.9004636746531877
0.25,10.0,45,0.4196534317054988
0.25,10.0,46,0.8675033077433505
0.25,10.0,47,0.6633083195664764
0.25,10.0,48,0.9994311237502794
0.25,10.0,49,0.4696330106319715
0.25,10.0,50,0.8646081584969271
0.25,10.0,51,0.9971583469946953
0.25,10.0,52,0.6554408183565831
0.25,10.0,53,0.9926111723350074
0.25,10.0,54,0.6797220994005382
0.25,10.0,55,0.9957396967403693
0.25,10.0,56,0.9702783837973811
0.25,10.0,57,0.6547751624527643
0.25,10.0,58,0.8882159479531082
0.25,10.0,59,0.03236409532391749
0.25,10.0,60,0.41550458813390245
0.25,10.0,61,0.5167428486781076
0.25,10.0,62,0.5880050029768532
0.25,10.0,63,0.4740625915481121
0.25,10.0,64,0.6705174673465635
0.25,10.0,65,0.8963168982281626
0.25,10.0,66,0.16586091558324267
0.25,12.0,42,0.9592729747226004
0.25,12.0,43,0.8116266894793656
0.25,12.0,44,0.94207011061869
0.25,12.0,45,0.4273821886812035
0.25,12.0,46,0.8971674035827217
0.25,12.0,47,0.663180768532353
0.25,12.0,48,0.9991467121639801
0.25,12.0,49,0.4712792635957718
0.25,12.0,50,0.8773238410571551
0.25,12.0,51,0.9943224949462806
0.25,12.0,52,0.7023512898144443
0.25,12.0,53,0.9985779420374954
0.25,12.0,54,0.6893680230471119
0.25,12.0,55,0.9951726423069706
0.25,12.0,56,0.9742039627201445
0.25,12.0,57,0.6632883748073974
0.25,12.0,58,0.9088946005204289
0.25,12.0,59,0.032647633572071094
0.25,12.0,60,0.43599279007348435
0.25,12.0,61,0.5311948663539318
0.25,12.0,62,0.6111039590438501
0.25,12.0,63,0.4705432447744587
0.25,12.0,64,0.6803448180438258
0.25,12.0,65,0.882046311742988
0.25,12.0,66,0.13371486931080473
0.3,0.5,42,0.016786624543211323
0.3,0.5,43,0.0006269824908892527
0.3,0.5,44,0.004983463740774831
0.3,0.5,45,0.0008295146284289541
0.3,0.5,46,0.012214735528981453
0.3,0.5,47,0.009385001543414026
0.3,0.5,48,0.020022395690450324
0.3,0.5,49,0.015586137184620107
0.3,0.5,50,0.028662511027210406
0.3,0.5,51,0.019153834312762907
0.3,0.5,52,0.0011024640585324509
0.3,0.5,53,0.005059431546336459
0.3,0.5,54,0.005891755270408496
0.3,0.5,55,0.02156712867135652
0.3,0.5,56,0.024610419917893315
0.3,0.5,57,0.0324213439412496
0.3,0.5,58,0.020602817129528987
0.3,0.5,59,0.0153367857108289
0.3,0.5,60,0.012593194872995522
0.3,0.5,61,0.004039497510904341
0.3,0.5,62,0.015353131403372012
0.3,0.5,63,0.008193841994081295
0.3,0.5,64,0.012550940301686058
0.3,0.5,65,0.010675188304369473
0.3,0.5,66,0.004297516132244127
0.3,1.0,42,0.05507805367213195
0.3,1.0,43,0.0006707345415907874
0.3,1.0,44,0.011395995438255254
0.3,1.0,45,0.00042889103788913273
0.3,1.0,46,0.06262206496693384
0.3,1.0,47,0.004532054522836283
0.3,1.0,48,0.08412146459001753
0.3,1.0,49,0.055038779025113165
0.3,1.0,50,0.09361223613599758
0.3,1.0,51,0.08170759616259292
0.3,1.0,52,0.007960095421798954
0.3,1.0,53,0.013537462211335761
0.3,1.0,54,0.02238888252229586
0.3,1.0,55,0.07829097413941577
0.3,1.0,56,0.09554503480882874
0.3,1.0,57,0.018930404654327493
0.3,1.0,58,0.06816689212985592
0.3,1.0,59,0.022086573093688885
0.3,1.0,60,0.054007754262729406
0.3,1.0,61,0.05987873614701877
0.3,1.0,62,0.04700624194824216
0.3,1.0,63,0.02598899245354026
0.3,1.0,64,0.05099188687174259
0.3,1.0,65,0.043977156759229634
0.3,1.0,66,-1.6109782753546802e-05
0.3,2.0,42,0.28810987937217614
0.3,2.0,43,-2.798507642559015e-05
0.3,2.0,44,0.016460425940869907
0.3,2.0,45,3.6112795330927747e-05
0.3,2.0,46,0.2050360915538144
0.3,2.0,47,0.0027542839934502584
0.3,2.0,48,0.38567037379752017
0.3,2.0,49,0.14459833270339836
0.3,2.0,50,0.3010163150532879
0.3,2.0,51,0.39058900447033285
0.3,2.0,52,0.053578442444668084
0.3,2.0,53,0.006258167596662377
0.3,2.0,54,0.06593945555932772
0.3,2.0,55,0.29730717539850166
0.3,2.0,56,0.3589759692786883
0.3,2.0,57,0.1488981956161795
0.3,2.0,58,0.19409527561958884
0.3,2.0,59,3.001451934344088e-05
0.3,2.0,60,0.15763410897125138
0.3,2.0,61,0.3755392544115528
0.3,2.0,62,0.15905444816876985
0.3,2.0,63,0.11664265095833448
0.3,2.0,64,0.12931780711352947
0.3,2.0,65,0.2637431776858341
0.3,2.0,66,0.025458563689002813
0.3,3.0,42,0.5460936921469963
0.3,3.0,43,0.00498048386709291
0.3,3.0,44,0.0013307494088692121
0.3,3.0,45,0.020946702076642554
0.3,3.0,46,0.33807571916162327
0.3,3.0,47,0.03886303811750167
0.3,3.0,48,0.6695646887316332
0.3,3.0,49,0.24273345529628282
0.3,3.0,50,0.5005704675098981
0.3,3.0,51,0.7259559356279607
0.3,3.0,52,0.10166586211495324
0.3,3.0,53,0.2460577257108691
0.3,3.0,54,0.06004727281991908
0.3,3.0,55,0.556207022766011
0.3,3.0,56,0.6125460999344129
0.3,3.0,57,0.29687651862656483
0.3,3.0,58,0.2971963592519096
0.3,3.0,59,0.0013358408255809708
0.3,3.0,60,0.24151527302760836
0.3,3.0,61,0.6134545976573306
0.3,3.0,62,0.2573670868287245
0.3,3.0,63,0.1844816371774455
0.3,3.0,64,0.1793915132930657
0.3,3.0,65,0.5749882947612709
0.3,3.0,66,0.05476440596378218
0.3,4.0,42,0.740517771043211
0.3,4.0,43,0.5865278637689937
0.3,4.0,44,0.5507952532405784
0.3,4.0,45,0.054672283309643195
0.3,4.0,46,0.4278288330397749
0.3,4.0,47,0.11802353496349223
0.3,4.0,48,0.8284236816431425
0.3,4.0,49,0.31321948036470715
0.3,4.0,50,0.6599899095704284
0.3,4.0,51,0.85267721614078
0.3,4.0,52,0.16741584860791914
0.3,4.0,53,0.3818161801647575
0.3,4.0,54,0.5163890514595404
0.3,4.0,55,0.7177958878235422
0.3,4.0,56,0.7948004575949789
0.3,4.0,57,0.43890813419442565
0.3,4.0,58,0.42565221642917345
0.3,4.0,59,0.0031246669647920565
0.3,4.0,60,0.2737432210261442
0.3,4.0,61,0.6680014176029834
0.3,4.0,62,0.35015338024506326
0.3,4.0,63,0.23658672511927384
0.3,4.0,64,0.47150870868000416
0.3,4.0,65,0.7145264364262695
0.3,4.0,66,0.08264264113896012
0.3,6.0,42,0.9077516768345445
0.3,6.0,43,0.7107319529356684
0.3,6.0,44,0.6742180008100565
0.3,6.0,45,0.12794114717935776
0.3,6.0,46,0.5378535115609044
0.3,6.0,47,0.5432942024295047
0.3,6.0,48,0.9444085758031282
0.3,6.0,49,0.42180731309680414
0.3,6.0,50,0.8017399426295397
0.3,6.0,51,0.8937577264216361
0.3,6.0,52,0.3158640343790319
0.3,6.0,53,0.4887732356128092
0.3,6.0,54,0.6263711761348322
0.3,6.0,55,0.8855039407986619
0.3,6.0,56,0.9281899439216774
0.3,6.0,57,0.5935584140452073
0.3,6.0,58,0.6989407276243683
0.3,6.0,59,0.0111435537703255
0.3,6.0,60,0.39663749322760156
0.3,6.0,61,0.6752302162685679
0.3,6.0,62,0.48084168900968915
0.3,6.0,63,0.31447387049212405
0.3,6.0,64,0.6016222460163976
0.3,6.0,65,0.7417494346023756
0.3,6.0,66,0.1369181138496373
0.3,8.0,42,0.9544645432537998
0.3,8.0,43,0.7739694380777227
0.3,8.0,44,0.73816261312674
0.3,8.0,45,0.15830616493048558
0.3,8.0,46,0.5942878450543023
0.3,8.0,47,0.5768154895606842
0.3,8.0,48,0.9679342316208711
0.3,8.0,49,0.4672769456102651
0.3,8.0,50,0.8474791430452873
0.3,8.0,51,0.9054055699797884
0.3,8.0,52,0.502033979897904
0.3,8.0,53,0.5487796397055553
0.3,8.0,54,0.6601920182130756
0.3,8.0,55,0.9319995824986466
0.3,8.0,56,0.9549989397484523
0.3,8.0,57,0.621661857222449
0.3,8.0,58,0.8111818870133304
0.3,8.0,59,0.00872521102483508
0.3,8.0,60,0.5175326952662881
0.3,8.0,61,0.6842544655385354
0.3,8.0,62,0.5513078460467514
0.3,8.0,63,0.3604039168847433
0.3,8.0,64,0.6525328792015043
0.3,8.0,65,0.6886739254910136
0.3,8.0,66,0.1476196425768757
0.3,10.0,42,0.9668288316487408
0.3,10.0,43,0.8030717707076163
0.3,10.0,44,0.7784996397123155
0.3,10.0,45,0.1713512763011457
0.3,10.0,46,0.6180802661461385
0.3,10.0,47,0.5885790206166605
0.3,10.0,48,0.9741338232395939
0.3,10.0,49,0.469194179974866
0.3,10.0,50,0.8673310896249378
0.3,10.0,51,0.9056779473829738
0.3,10.0,52,0.6179248764462391
0.3,10.0,53,0.5732352276827063
0.3,10.0,54,0.6800897834343802
0.3,10.0,55,0.9529392873754998
0.3,10.0,56,0.9584694513224776
0.3,10.0,57,0.6401295384511283
0.3,10.0,58,0.8550945503458468
0.3,10.0,59,0.009131857223466756
0.3,10.0,60,0.5557679229238865
0.3,10.0,61,0.6946212650913595
0.3,10.0,62,0.6102993827754613
0.3,10.0,63,0.38307832526133423
0.3,10.0,64,0.6820016972805083
0.3,10.0,65,0.6346298506441111
0.3,10.0,66,0.20952615284544243
0.3,12.0,42,0.970063114746757
0.3,12.0,43,0.8202796104222982
0.3,12.0,44,0.7973307159185123
0.3,12.0,45,0.19663475574125436
0.3,12.0,46,0.6387909976824472
0.3,12.0,47,0.5975458941239937
0.3,12.0,48,0.9754865412316509
0.3,12.0,49,0.5172579227168986
0.3,12.0,50,0.8787578389480691
0.3,12.0,51,0.9056837560594848
0.3,12.0,52,0.6959564515880041
0.3,12.0,53,0.5859058927917662
0.3,12.0,54,0.6872753879925946
0.3,12.0,55,0.9614950479218186
0.3,12.0,56,0.9608765887095808
0.3,12.0,57,0.6477320626863703
0.3,12.0,58,0.8835465296455054
0.3,12.0,59,0.010175533323162757
0.3,12.0,60,0.574655317031635
0.3,12.0,61,0.6971321340820189
0.3,12.0,62,0.6255034852770961
0.3,12.0,63,0.39833277000600265
0.3,12.0,64,0.6951234520622365
0.3,12.0,65,0.5727456823000574
0.3,12.0,66,0.19432971846346
